artist,bron_collectie,bron_listing_urls,detail_checked_at,detail_opmerking,detail_status,drager,ean,line_number,mogelijk_2e_hands,prijs,product_handle,reason,title,url,url_listing
,nieuwe-lps,https://bobsvinyl.nl/collections/nieuwe-lps,2026-03-12 21:42:36,,ok,2LP,0887654369611,2,NEE,"39,95",a-ap-rocky-long-live-a-ap-deluxe-2lp,missing_artist_after_inference,A$Ap Rocky Long.Live.A$Ap (Deluxe),https://bobsvinyl.nl/products/a-ap-rocky-long-live-a-ap-deluxe-2lp,https://bobsvinyl.nl/products/a-ap-rocky-long-live-a-ap-deluxe-2lp
,nieuwe-lps,https://bobsvinyl.nl/collections/nieuwe-lps?page=7,2026-03-12 21:42:40,,ok,2LP,603497842391,17,NEE,"34,95",art-blakeys-jazz-messengers-with-thelonious-monk2lp,missing_artist_after_inference,Art Blakey's Jazz Messengers With Thelonious Monk,https://bobsvinyl.nl/products/art-blakeys-jazz-messengers-with-thelonious-monk2lp,https://bobsvinyl.nl/products/art-blakeys-jazz-messengers-with-thelonious-monk2lp
,nieuwe-lps,https://bobsvinyl.nl/collections/nieuwe-lps?page=9,2026-03-12 21:42:41,,ok,2LP,5014797906952,21,NEE,"16,95",bernard-butler-people-move-on-the-b-sides-1998-2021-rsd-2022-2lp,missing_artist_after_inference,"Bernard Butler People Move On: The B-Sides, 1998 + 2021 (RSD 2022)",https://bobsvinyl.nl/products/bernard-butler-people-move-on-the-b-sides-1998-2021-rsd-2022-2lp,https://bobsvinyl.nl/products/bernard-butler-people-move-on-the-b-sides-1998-2021-rsd-2022-2lp
,nieuwe-lps,https://bobsvinyl.nl/collections/nieuwe-lps?page=13,2026-03-12 21:42:43,,ok,LP,0602547276292,28,NEE,"29,95",bob-marley-the-wailers-confrontation-lp,missing_artist_after_inference,Bob Marley & the Wailers Confrontation,https://bobsvinyl.nl/products/bob-marley-the-wailers-confrontation-lp,https://bobsvinyl.nl/products/bob-marley-the-wailers-confrontation-lp
,nieuwe-lps,https://bobsvinyl.nl/collections/nieuwe-lps?page=14 | https://bobsvinyl.nl/collections/nieuwe-lps?page=14 | https://bobsvinyl.nl/collections/nieuwe-lps?page=13,2026-03-12 21:42:44,2e hands-vermelding gevonden; geen EAN zichtbaar,2e_hands_bevestigd,,,29,JA,"Vanaf10,00",bobs-vinyl-cadeaubon,detail_status_not_ok,Bob's Vinyl Cadeaubon,https://bobsvinyl.nl/products/bobs-vinyl-cadeaubon,https://bobsvinyl.nl/products/bobs-vinyl-cadeaubon
,nieuwe-lps,https://bobsvinyl.nl/collections/nieuwe-lps?page=14,2026-03-12 21:42:44,,ok,2LP,0602475227304,30,NEE,"42,95",boomtown-rats-the-first-50-years-songs-of-boomtown-glory-2lp,missing_artist_after_inference,Boomtown Rats The First 50 Years: Songs of Boomtown Glory,https://bobsvinyl.nl/products/boomtown-rats-the-first-50-years-songs-of-boomtown-glory-2lp,https://bobsvinyl.nl/products/boomtown-rats-the-first-50-years-songs-of-boomtown-glory-2lp
,nieuwe-lps,https://bobsvinyl.nl/collections/nieuwe-lps?page=16 | https://bobsvinyl.nl/collections/nieuwe-lps?page=16 | https://bobsvinyl.nl/collections/nieuwe-lps?page=15,2026-03-12 21:42:45,,ok,LP,196587791711,32,NEE,"31,95",britney-spears-circus-lp,missing_artist_after_inference,Britney Spears -Circus,https://bobsvinyl.nl/products/britney-spears-circus-lp,https://bobsvinyl.nl/products/britney-spears-circus-lp
,nieuwe-lps,https://bobsvinyl.nl/collections/nieuwe-lps?page=20 | https://bobsvinyl.nl/collections/nieuwe-lps?page=20 | https://bobsvinyl.nl/collections/nieuwe-lps?page=19,2026-03-12 21:42:54,"poging 3/3: valide productpagina, maar geen EAN gevonden",geen_ean_na_retries,LP,,39,NEE,"19,95",charlie-the-lesbians-fade-lp,detail_status_not_ok,Charlie & The Lesbians ‎– Fade,https://bobsvinyl.nl/products/charlie-the-lesbians-fade-lp,https://bobsvinyl.nl/products/charlie-the-lesbians-fade-lp
,nieuwe-lps,https://bobsvinyl.nl/collections/nieuwe-lps?page=22 | https://bobsvinyl.nl/collections/nieuwe-lps?page=22 | https://bobsvinyl.nl/collections/nieuwe-lps?page=21,2026-03-12 21:42:55,"poging 3/3: valide productpagina, maar geen EAN gevonden",geen_ean_na_retries,LP,,43,NEE,"19,95",colin-cowan-the-elastic-stars-fall-paths-lp,detail_status_not_ok,Colin Cowan & The Elastic Stars ‎– Fall Paths,https://bobsvinyl.nl/products/colin-cowan-the-elastic-stars-fall-paths-lp,https://bobsvinyl.nl/products/colin-cowan-the-elastic-stars-fall-paths-lp
,nieuwe-lps,https://bobsvinyl.nl/collections/nieuwe-lps?page=22,2026-03-12 21:42:48,,ok,2LP,4015698280760,44,NEE,"36,95",conrad-schnitzler-ken-montgomer-2lp,missing_artist_after_inference,Conrad Schnitzler & Ken Montgomer,https://bobsvinyl.nl/products/conrad-schnitzler-ken-montgomer-2lp,https://bobsvinyl.nl/products/conrad-schnitzler-ken-montgomer-2lp
,nieuwe-lps,https://bobsvinyl.nl/collections/nieuwe-lps?page=23 | https://bobsvinyl.nl/collections/nieuwe-lps?page=23 | https://bobsvinyl.nl/collections/nieuwe-lps?page=22,2026-03-12 21:42:57,"poging 3/3: valide productpagina, maar geen EAN gevonden",geen_ean_na_retries,LP,,45,NEE,"16,95",country-teasers-secret-weapon-revealed-at-last-or-full-moon-empty-sportsbag-lp,detail_status_not_ok,Country Teasers ‎– Secret Weapon Revealed At Last Or Full Moon Empty Sportsbag,https://bobsvinyl.nl/products/country-teasers-secret-weapon-revealed-at-last-or-full-moon-empty-sportsbag-lp,https://bobsvinyl.nl/products/country-teasers-secret-weapon-revealed-at-last-or-full-moon-empty-sportsbag-lp
,nieuwe-lps,https://bobsvinyl.nl/collections/nieuwe-lps?page=27,2026-03-12 21:42:55,,ok,"7"" Single",888072234499,58,NEE,"9,95",denzel-curry-robert-glasper-live-from-leimert-park-7-single,missing_artist_after_inference,Denzel Curry & Robert Glasper Live From Leimert Park,https://bobsvinyl.nl/products/denzel-curry-robert-glasper-live-from-leimert-park-7-single,https://bobsvinyl.nl/products/denzel-curry-robert-glasper-live-from-leimert-park-7-single
,nieuwe-lps,https://bobsvinyl.nl/collections/nieuwe-lps?page=31 | https://bobsvinyl.nl/collections/nieuwe-lps?page=31 | https://bobsvinyl.nl/collections/nieuwe-lps?page=30,2026-03-12 21:42:57,,ok,LP,602438089543,66,NEE,"28,95",duke-pearson-merry-ole-soul-blue-note-classic-lp,missing_artist_after_inference,Duke Pearson -Merry Ole Soul -Blue Note Classic-,https://bobsvinyl.nl/products/duke-pearson-merry-ole-soul-blue-note-classic-lp,https://bobsvinyl.nl/products/duke-pearson-merry-ole-soul-blue-note-classic-lp
,nieuwe-lps,https://bobsvinyl.nl/collections/nieuwe-lps?page=35,2026-03-12 21:43:08,"poging 3/3: valide productpagina, maar geen EAN gevonden",geen_ean_na_retries,2LP,,73,NEE,"19,95",fhloston-paradigm-the-phoenix-2lp,detail_status_not_ok,Fhloston Paradigm ‎– The Phoenix,https://bobsvinyl.nl/products/fhloston-paradigm-the-phoenix-2lp,https://bobsvinyl.nl/products/fhloston-paradigm-the-phoenix-2lp
,nieuwe-lps,https://bobsvinyl.nl/collections/nieuwe-lps?page=36,2026-03-12 21:43:01,,ok,LP,0602567485957,77,NEE,"34,95",florence-the-machine-high-as-hope-lp,missing_artist_after_inference,Florence + the Machine High As Hope,https://bobsvinyl.nl/products/florence-the-machine-high-as-hope-lp,https://bobsvinyl.nl/products/florence-the-machine-high-as-hope-lp
,nieuwe-lps,https://bobsvinyl.nl/collections/nieuwe-lps?page=40,2026-03-12 21:43:02,,ok,LP,5400863009335,83,NEE,"19,95",glints-bugatti-gold-veins-lp,missing_artist_after_inference,Glints Bugatti / Gold Veins,https://bobsvinyl.nl/products/glints-bugatti-gold-veins-lp,https://bobsvinyl.nl/products/glints-bugatti-gold-veins-lp
,nieuwe-lps,https://bobsvinyl.nl/collections/nieuwe-lps?page=53 | https://bobsvinyl.nl/collections/nieuwe-lps?page=53 | https://bobsvinyl.nl/collections/nieuwe-lps?page=52,2026-03-12 21:43:10,,ok,2LP,8718469532995,106,JA,"32,95",john-legend-get-lifted-2lp,secondhand,John Legend ‎- Get Lifted,https://bobsvinyl.nl/products/john-legend-get-lifted-2lp,https://bobsvinyl.nl/products/john-legend-get-lifted-2lp
,nieuwe-lps,https://bobsvinyl.nl/collections/nieuwe-lps?page=65 | https://bobsvinyl.nl/collections/nieuwe-lps?page=65 | https://bobsvinyl.nl/collections/nieuwe-lps?page=64,2026-03-12 21:43:18,,ok,LP,0194399780114,131,JA,"29,95",luke-combs-growin-up-lp,secondhand,Luke Combs ‎– Growin' Up,https://bobsvinyl.nl/products/luke-combs-growin-up-lp,https://bobsvinyl.nl/products/luke-combs-growin-up-lp
,nieuwe-lps,https://bobsvinyl.nl/collections/nieuwe-lps?page=80 | https://bobsvinyl.nl/collections/nieuwe-lps?page=80 | https://bobsvinyl.nl/collections/nieuwe-lps?page=79,2026-03-12 21:43:35,"poging 3/3: valide productpagina, maar geen EAN gevonden",geen_ean_na_retries,LP,,164,NEE,"16,95",ono-machines-that-kill-people-lp,detail_status_not_ok,ONO ‎– Machines That Kill People,https://bobsvinyl.nl/products/ono-machines-that-kill-people-lp,https://bobsvinyl.nl/products/ono-machines-that-kill-people-lp
,nieuwe-lps,https://bobsvinyl.nl/collections/nieuwe-lps?page=84 | https://bobsvinyl.nl/collections/nieuwe-lps?page=84 | https://bobsvinyl.nl/collections/nieuwe-lps?page=83,2026-03-12 21:43:30,,ok,LP,8719262032873,171,NEE,"29,95",pharoah-sanders-norman-connors-beyond-a-dream-live-at-montreux-jazz-festival-lp,missing_artist_after_inference,Pharoah Sanders & Norman Connors Beyond a Dream (Live At Montreux Jazz Festival),https://bobsvinyl.nl/products/pharoah-sanders-norman-connors-beyond-a-dream-live-at-montreux-jazz-festival-lp,https://bobsvinyl.nl/products/pharoah-sanders-norman-connors-beyond-a-dream-live-at-montreux-jazz-festival-lp
,nieuwe-lps,https://bobsvinyl.nl/collections/nieuwe-lps?page=85 | https://bobsvinyl.nl/collections/nieuwe-lps?page=85 | https://bobsvinyl.nl/collections/nieuwe-lps?page=84,2026-03-12 21:43:31,,ok,3LP,0198028767118,172,NEE,"69,95",pink-floyd-wish-you-were-here-50th-anniv-3lp,missing_artist_after_inference,Pink Floyd Wish You Were Here (50th Anniv.),https://bobsvinyl.nl/products/pink-floyd-wish-you-were-here-50th-anniv-3lp,https://bobsvinyl.nl/products/pink-floyd-wish-you-were-here-50th-anniv-3lp
,nieuwe-lps,https://bobsvinyl.nl/collections/nieuwe-lps?page=85 | https://bobsvinyl.nl/collections/nieuwe-lps?page=85 | https://bobsvinyl.nl/collections/nieuwe-lps?page=84,2026-03-12 21:43:31,,ok,BOXSET,0198028767415,173,NEE,"249,95",pink-floyd-wish-you-were-here-50th-anniv-boxset,missing_artist_after_inference,Pink Floyd Wish You Were Here (50th Anniv.),https://bobsvinyl.nl/products/pink-floyd-wish-you-were-here-50th-anniv-boxset,https://bobsvinyl.nl/products/pink-floyd-wish-you-were-here-50th-anniv-boxset
,nieuwe-lps,https://bobsvinyl.nl/collections/nieuwe-lps?page=87 | https://bobsvinyl.nl/collections/nieuwe-lps?page=87 | https://bobsvinyl.nl/collections/nieuwe-lps?page=85,2026-03-12 21:43:39,"poging 3/3: valide productpagina, maar geen EAN gevonden",geen_ean_na_retries,2LP,,175,NEE,"19,95",prince-hendrik-and-other-members-of-the-royal-family-nature-religion-2lp,detail_status_not_ok,Prince Hendrik And Other Members Of The Royal Family ‎- Nature Religion,https://bobsvinyl.nl/products/prince-hendrik-and-other-members-of-the-royal-family-nature-religion-2lp,https://bobsvinyl.nl/products/prince-hendrik-and-other-members-of-the-royal-family-nature-religion-2lp
,nieuwe-lps,https://bobsvinyl.nl/collections/nieuwe-lps?page=89 | https://bobsvinyl.nl/collections/nieuwe-lps?page=89 | https://bobsvinyl.nl/collections/nieuwe-lps?page=87,2026-03-12 21:43:33,,ok,,0081227808594,181,NEE,"29,95",randy-newman-trouble-in-paradise-demos-lp-rsd-black-friday-2025,missing_artist_after_inference,Randy Newman Trouble In Paradise: Demos (LP) -RSD Black Friday 2025-,https://bobsvinyl.nl/products/randy-newman-trouble-in-paradise-demos-lp-rsd-black-friday-2025,https://bobsvinyl.nl/products/randy-newman-trouble-in-paradise-demos-lp-rsd-black-friday-2025
,nieuwe-lps,https://bobsvinyl.nl/collections/nieuwe-lps?page=92 | https://bobsvinyl.nl/collections/nieuwe-lps?page=92 | https://bobsvinyl.nl/collections/nieuwe-lps?page=91,2026-03-12 21:43:36,,ok,"10""",8720693688270,186,NEE,"23,95",roufaida-10,missing_artist_after_inference,Roufaida -,https://bobsvinyl.nl/products/roufaida-10,https://bobsvinyl.nl/products/roufaida-10
,nieuwe-lps,https://bobsvinyl.nl/collections/nieuwe-lps?page=98 | https://bobsvinyl.nl/collections/nieuwe-lps?page=98 | https://bobsvinyl.nl/collections/nieuwe-lps?page=97,2026-03-12 21:43:37,,ok,2LP,0198028861717,192,NEE,"32,95",sly-the-family-stone-sly-lives-aka-the-burden-of-black-genius-lp,missing_artist_after_inference,Sly & the Family Stone Sly Lives! (Aka the Burden of Black Genius),https://bobsvinyl.nl/products/sly-the-family-stone-sly-lives-aka-the-burden-of-black-genius-lp,https://bobsvinyl.nl/products/sly-the-family-stone-sly-lives-aka-the-burden-of-black-genius-lp
,nieuwe-lps,https://bobsvinyl.nl/collections/nieuwe-lps?page=104 | https://bobsvinyl.nl/collections/nieuwe-lps?page=104 | https://bobsvinyl.nl/collections/nieuwe-lps?page=103,2026-03-12 21:43:51,"poging 3/3: valide productpagina, maar geen EAN gevonden",geen_ean_na_retries,LP,,207,NEE,"19,95",tangerines-into-the-flophouse-lp,detail_status_not_ok,Tangerines ‎– Into The Flophouse,https://bobsvinyl.nl/products/tangerines-into-the-flophouse-lp,https://bobsvinyl.nl/products/tangerines-into-the-flophouse-lp
,nieuwe-lps,https://bobsvinyl.nl/collections/nieuwe-lps?page=112 | https://bobsvinyl.nl/collections/nieuwe-lps?page=112 | https://bobsvinyl.nl/collections/nieuwe-lps?page=110,2026-03-12 21:43:48,,ok,LP,0614427802071,225,NEE,"32,95",theo-croker-sullivan-fortner-lp,missing_artist_after_inference,Theo Croker & Sullivan Fortner -Play -Green-,https://bobsvinyl.nl/products/theo-croker-sullivan-fortner-lp,https://bobsvinyl.nl/products/theo-croker-sullivan-fortner-lp
,nieuwe-lps,https://bobsvinyl.nl/collections/nieuwe-lps?page=119 | https://bobsvinyl.nl/collections/nieuwe-lps?page=119 | https://bobsvinyl.nl/collections/nieuwe-lps?page=117,2026-03-12 21:43:59,"poging 3/3: valide productpagina, maar geen EAN gevonden",geen_ean_na_retries,LP,,234,NEE,"19,95",various-its-boss-man-vol-2-lp,detail_status_not_ok,Various ‎– It's Boss! Man! Vol. 2,https://bobsvinyl.nl/products/various-its-boss-man-vol-2-lp,https://bobsvinyl.nl/products/various-its-boss-man-vol-2-lp
,nieuwe-lps,https://bobsvinyl.nl/collections/nieuwe-lps?page=123 | https://bobsvinyl.nl/collections/nieuwe-lps?page=123 | https://bobsvinyl.nl/collections/nieuwe-lps?page=122,2026-03-12 21:43:53,,ok,LP,8714374966603,241,NEE,"28,95",yorick-van-norden-lp,missing_artist_after_inference,Yorick van Norden -,https://bobsvinyl.nl/products/yorick-van-norden-lp,https://bobsvinyl.nl/products/yorick-van-norden-lp
69 Charger,nieuwe-lps,https://bobsvinyl.nl/collections/nieuwe-lps,2026-03-12 21:44:06,"poging 3/3: valide productpagina, maar geen EAN gevonden",geen_ean_na_retries,"7"" Single",,256,NEE,"4,95",69-charger-ive-got-a-feelin-7-single,detail_status_not_ok,I've Got A Feelin',https://bobsvinyl.nl/products/69-charger-ive-got-a-feelin-7-single,https://bobsvinyl.nl/products/69-charger-ive-got-a-feelin-7-single
Abbey Lincoln,nieuwe-lps,https://bobsvinyl.nl/collections/nieuwe-lps,2026-03-12 21:44:00,,ok,2LP,602445478934,264,JA,"42,95",abbey-lincoln-who-used-to-dance-2lp,secondhand,Who Used To Dance,https://bobsvinyl.nl/products/abbey-lincoln-who-used-to-dance-2lp,https://bobsvinyl.nl/products/abbey-lincoln-who-used-to-dance-2lp
Anderson East,nieuwe-lps,https://bobsvinyl.nl/collections/nieuwe-lps?page=5,2026-03-12 21:44:44,"poging 3/3: valide productpagina, maar geen EAN gevonden",geen_ean_na_retries,LP,,379,NEE,"28,95",anderson-east-maybe-we-never-die-lp,detail_status_not_ok,Maybe We Never Die,https://bobsvinyl.nl/products/anderson-east-maybe-we-never-die-lp,https://bobsvinyl.nl/products/anderson-east-maybe-we-never-die-lp
Anderson East,nieuwe-lps,https://bobsvinyl.nl/collections/nieuwe-lps?page=5,2026-03-12 21:44:44,"poging 3/3: valide productpagina, maar geen EAN gevonden",geen_ean_na_retries,LP,,380,NEE,"32,95",anderson-east-maybe-we-never-die-white-lp,detail_status_not_ok,Maybe We Never Die -White-,https://bobsvinyl.nl/products/anderson-east-maybe-we-never-die-white-lp,https://bobsvinyl.nl/products/anderson-east-maybe-we-never-die-white-lp
Angie Flare,nieuwe-lps,https://bobsvinyl.nl/collections/nieuwe-lps?page=5,2026-03-12 21:44:50,"poging 3/3: valide productpagina, maar geen EAN gevonden",geen_ean_na_retries,LP,,402,NEE,"9,95",angie-flare-with-the-car-running-ep,detail_status_not_ok,With The Car Running,https://bobsvinyl.nl/products/angie-flare-with-the-car-running-ep,https://bobsvinyl.nl/products/angie-flare-with-the-car-running-ep
Anne Soldaat,nieuwe-lps,https://bobsvinyl.nl/collections/nieuwe-lps?page=5,2026-03-12 21:44:53,"poging 3/3: valide productpagina, maar geen EAN gevonden",geen_ean_na_retries,LP,,409,NEE,"26,95",anne-soldaat-facts-fears-lp,detail_status_not_ok,Facts & Fears,https://bobsvinyl.nl/products/anne-soldaat-facts-fears-lp,https://bobsvinyl.nl/products/anne-soldaat-facts-fears-lp
Arab Strap,nieuwe-lps,https://bobsvinyl.nl/collections/nieuwe-lps?page=6,2026-03-12 21:45:00,"poging 3/3: valide productpagina, maar geen EAN gevonden",geen_ean_na_retries,LP,,424,NEE,"34,95",arab-strap-im-totally-fine-with-it-dont-give-a-fuck-anymore-lp,detail_status_not_ok,I'm Totally Fine With It Don't Give a Fuck Anymore,https://bobsvinyl.nl/products/arab-strap-im-totally-fine-with-it-dont-give-a-fuck-anymore-lp,https://bobsvinyl.nl/products/arab-strap-im-totally-fine-with-it-dont-give-a-fuck-anymore-lp
Birdy,nieuwe-lps,https://bobsvinyl.nl/collections/nieuwe-lps?page=11,2026-03-12 21:46:02,,ok,2LP,190295089603,608,JA,"28,95",birdy-young-heart-2lp,secondhand,Young Heart,https://bobsvinyl.nl/products/birdy-young-heart-2lp,https://bobsvinyl.nl/products/birdy-young-heart-2lp
Blue Stragglers,nieuwe-lps,https://bobsvinyl.nl/collections/nieuwe-lps?page=13,2026-03-12 21:46:31,"poging 3/3: valide productpagina, maar geen EAN gevonden",geen_ean_na_retries,LP,,662,NEE,"19,95",blue-stragglers-fools-errand-lp,detail_status_not_ok,Fool's Errand,https://bobsvinyl.nl/products/blue-stragglers-fools-errand-lp,https://bobsvinyl.nl/products/blue-stragglers-fools-errand-lp
Bruce Springsteen,nieuwe-lps,https://bobsvinyl.nl/collections/nieuwe-lps?page=16,2026-03-12 21:47:02,,ok,LP,0888750142719,770,JA,"29,95",bruce-springsteen-nebraska-lp,secondhand,Nebraska,https://bobsvinyl.nl/products/bruce-springsteen-nebraska-lp,https://bobsvinyl.nl/products/bruce-springsteen-nebraska-lp
Buddy Miller,nieuwe-lps,https://bobsvinyl.nl/collections/nieuwe-lps?page=17,2026-03-12 21:47:17,,ok,LP,607396512119,812,JA,"28,95",buddy-miller-cayamo-sessions-at-sea-lp,secondhand,Cayamo Sessions At Sea,https://bobsvinyl.nl/products/buddy-miller-cayamo-sessions-at-sea-lp,https://bobsvinyl.nl/products/buddy-miller-cayamo-sessions-at-sea-lp
Calvin Harris,nieuwe-lps,https://bobsvinyl.nl/collections/nieuwe-lps?page=18,2026-03-12 21:47:26,,ok,2LP,190758369211,834,JA,"24,95",calvin-harris-ready-for-the-weekend-2lp,secondhand,Ready For The Weekend,https://bobsvinyl.nl/products/calvin-harris-ready-for-the-weekend-2lp,https://bobsvinyl.nl/products/calvin-harris-ready-for-the-weekend-2lp
Candi Staton,nieuwe-lps,https://bobsvinyl.nl/collections/nieuwe-lps?page=18,2026-03-12 21:47:38,"poging 3/3: valide productpagina, maar geen EAN gevonden",geen_ean_na_retries,LP,,839,NEE,"36,95",candi-staton-candi-staton-lp,detail_status_not_ok,Candi Staton,https://bobsvinyl.nl/products/candi-staton-candi-staton-lp,https://bobsvinyl.nl/products/candi-staton-candi-staton-lp
Coheed and Cambria,nieuwe-lps,https://bobsvinyl.nl/collections/nieuwe-lps?page=22 | https://bobsvinyl.nl/collections/nieuwe-lps?page=22 | https://bobsvinyl.nl/collections/nieuwe-lps?page=21,2026-03-12 21:48:19,"poging 3/3: valide productpagina, maar geen EAN gevonden",geen_ean_na_retries,2LP,,958,NEE,"39,95",coheed-and-cambria-vaxis-ii-a-window-of-the-waking-mind-2lp,detail_status_not_ok,Vaxis Ii: a Window of the Waking Mind,https://bobsvinyl.nl/products/coheed-and-cambria-vaxis-ii-a-window-of-the-waking-mind-2lp,https://bobsvinyl.nl/products/coheed-and-cambria-vaxis-ii-a-window-of-the-waking-mind-2lp
Coliseum,nieuwe-lps,https://bobsvinyl.nl/collections/nieuwe-lps?page=22,2026-03-12 21:48:14,2e hands-vermelding gevonden; geen EAN zichtbaar,2e_hands_bevestigd,D10,,972,JA,"12,95",coliseum-parasites-ep-lp-d10,detail_status_not_ok,Parasites EP (LP),https://bobsvinyl.nl/products/coliseum-parasites-ep-lp-d10,https://bobsvinyl.nl/products/coliseum-parasites-ep-lp-d10
Damage,nieuwe-lps,https://bobsvinyl.nl/collections/nieuwe-lps?page=24 | https://bobsvinyl.nl/collections/nieuwe-lps?page=24 | https://bobsvinyl.nl/collections/nieuwe-lps?page=23,2026-03-12 21:48:41,"poging 3/3: valide productpagina, maar geen EAN gevonden",geen_ean_na_retries,LP,,1024,NEE,"19,95",damage-recorded-live-off-the-board-at-cbgb-rsd-2024-lp,detail_status_not_ok,Recorded Live Off The Board At CBGB (RSD 2024),https://bobsvinyl.nl/products/damage-recorded-live-off-the-board-at-cbgb-rsd-2024-lp,https://bobsvinyl.nl/products/damage-recorded-live-off-the-board-at-cbgb-rsd-2024-lp
Dark City,nieuwe-lps,https://bobsvinyl.nl/collections/nieuwe-lps?page=24,2026-03-12 21:48:42,2e hands-vermelding gevonden; geen EAN zichtbaar,2e_hands_bevestigd,,,1054,JA,"7,95",dark-city-dark-city-lp-f40,detail_status_not_ok,Dark City (LP) F40,https://bobsvinyl.nl/products/dark-city-dark-city-lp-f40,https://bobsvinyl.nl/products/dark-city-dark-city-lp-f40
Daryl Hall & John Oates,nieuwe-lps,https://bobsvinyl.nl/collections/nieuwe-lps?page=25 | https://bobsvinyl.nl/collections/nieuwe-lps?page=25 | https://bobsvinyl.nl/collections/nieuwe-lps?page=24,2026-03-12 21:48:53,"poging 3/3: valide productpagina, maar geen EAN gevonden",geen_ean_na_retries,2LP,,1058,NEE,"34,95",daryl-hall-john-oates-marigold-sky-2lp,detail_status_not_ok,Marigold Sky,https://bobsvinyl.nl/products/daryl-hall-john-oates-marigold-sky-2lp,https://bobsvinyl.nl/products/daryl-hall-john-oates-marigold-sky-2lp
David Olney & Anana Kaye,nieuwe-lps,https://bobsvinyl.nl/collections/nieuwe-lps?page=26 | https://bobsvinyl.nl/collections/nieuwe-lps?page=26 | https://bobsvinyl.nl/collections/nieuwe-lps?page=25,2026-03-12 21:48:55,,ok,LP,634457052796,1091,JA,"31,95",david-olney-anana-kaye-whispers-and-sighs-lp,secondhand,Whispers and Sighs,https://bobsvinyl.nl/products/david-olney-anana-kaye-whispers-and-sighs-lp,https://bobsvinyl.nl/products/david-olney-anana-kaye-whispers-and-sighs-lp
De Stekkers / E.T. Explore Me,nieuwe-lps,https://bobsvinyl.nl/collections/nieuwe-lps?page=26,2026-03-12 21:49:13,"poging 3/3: valide productpagina, maar geen EAN gevonden",geen_ean_na_retries,"7"" Single",,1119,NEE,"9,95",de-stekkers-e-t-explore-me-ass-voodoo-baby-jessie-7-single,detail_status_not_ok,Ass Voodoo Baby / Jessie,https://bobsvinyl.nl/products/de-stekkers-e-t-explore-me-ass-voodoo-baby-jessie-7-single,https://bobsvinyl.nl/products/de-stekkers-e-t-explore-me-ass-voodoo-baby-jessie-7-single
Edith Piaf,nieuwe-lps,https://bobsvinyl.nl/collections/nieuwe-lps?page=32 | https://bobsvinyl.nl/collections/nieuwe-lps?page=32 | https://bobsvinyl.nl/collections/nieuwe-lps?page=31,2026-03-12 21:50:09,"poging 3/3: valide productpagina, maar geen EAN gevonden",geen_ean_na_retries,LP,,1295,NEE,"34,95",edith-piaf-essential-lp,detail_status_not_ok,Essential,https://bobsvinyl.nl/products/edith-piaf-essential-lp,https://bobsvinyl.nl/products/edith-piaf-essential-lp
Elliott Smith,nieuwe-lps,https://bobsvinyl.nl/collections/nieuwe-lps?page=32,2026-03-12 21:50:13,,ok,2LP,0602557286441,1327,JA,"39,95",elliott-smith-figure-8-2lp,secondhand,Figure 8,https://bobsvinyl.nl/products/elliott-smith-figure-8-2lp,https://bobsvinyl.nl/products/elliott-smith-figure-8-2lp
Elton John,nieuwe-lps,https://bobsvinyl.nl/collections/nieuwe-lps?page=33 | https://bobsvinyl.nl/collections/nieuwe-lps?page=33 | https://bobsvinyl.nl/collections/nieuwe-lps?page=32,2026-03-12 21:50:14,,ok,LP,602445961610,1331,JA,"31,95",elton-john-breaking-hearts-lp,secondhand,Breaking Hearts,https://bobsvinyl.nl/products/elton-john-breaking-hearts-lp,https://bobsvinyl.nl/products/elton-john-breaking-hearts-lp
Evrin,nieuwe-lps,https://bobsvinyl.nl/collections/nieuwe-lps?page=35 | https://bobsvinyl.nl/collections/nieuwe-lps?page=35 | https://bobsvinyl.nl/collections/nieuwe-lps?page=34,2026-03-12 21:50:42,"poging 3/3: valide productpagina, maar geen EAN gevonden",geen_ean_na_retries,LP,,1396,NEE,"9,95",evrin-in-the-late-innings-lp,detail_status_not_ok,In The Late Innings,https://bobsvinyl.nl/products/evrin-in-the-late-innings-lp,https://bobsvinyl.nl/products/evrin-in-the-late-innings-lp
Fat Boys,nieuwe-lps,https://bobsvinyl.nl/collections/nieuwe-lps?page=35 | https://bobsvinyl.nl/collections/nieuwe-lps?page=35 | https://bobsvinyl.nl/collections/nieuwe-lps?page=34,2026-03-12 21:50:36,2e hands-vermelding gevonden; geen EAN zichtbaar,2e_hands_bevestigd,F60,,1408,JA,"9,95",fat-boys-big-beautiful-lp-f60,detail_status_not_ok,Big & Beautiful (LP),https://bobsvinyl.nl/products/fat-boys-big-beautiful-lp-f60,https://bobsvinyl.nl/products/fat-boys-big-beautiful-lp-f60
Fine Young Cannibals,nieuwe-lps,https://bobsvinyl.nl/collections/nieuwe-lps?page=35,2026-03-12 21:50:42,,ok,LP,5061017255314,1428,JA,"29,95",fine-young-cannibals-fyc-40-lp,secondhand,FYC 40,https://bobsvinyl.nl/products/fine-young-cannibals-fyc-40-lp,https://bobsvinyl.nl/products/fine-young-cannibals-fyc-40-lp
Flaming Ember,nieuwe-lps,https://bobsvinyl.nl/collections/nieuwe-lps?page=36 | https://bobsvinyl.nl/collections/nieuwe-lps?page=36 | https://bobsvinyl.nl/collections/nieuwe-lps?page=35,2026-03-12 21:50:45,2e hands-vermelding gevonden; geen EAN zichtbaar,2e_hands_bevestigd,,,1437,JA,"6,95",flaming-ember-westbound-9-lp-h70,detail_status_not_ok,Westbound #9 (LP) H70,https://bobsvinyl.nl/products/flaming-ember-westbound-9-lp-h70,https://bobsvinyl.nl/products/flaming-ember-westbound-9-lp-h70
Fleetwood Mac,nieuwe-lps,https://bobsvinyl.nl/collections/nieuwe-lps?page=36 | https://bobsvinyl.nl/collections/nieuwe-lps?page=36 | https://bobsvinyl.nl/collections/nieuwe-lps?page=35,2026-03-12 21:50:49,,ok,LP,0603497816163,1448,JA,"28,95",fleetwood-mac-rumours-lp,secondhand,Rumours,https://bobsvinyl.nl/products/fleetwood-mac-rumours-lp,https://bobsvinyl.nl/products/fleetwood-mac-rumours-lp
Fleur,nieuwe-lps,https://bobsvinyl.nl/collections/nieuwe-lps?page=36,2026-03-12 21:51:01,"poging 3/3: valide productpagina, maar geen EAN gevonden",geen_ean_na_retries,"7"" Single",,1454,NEE,"14,95",fleur-tu-es-un-etre-parfait-7-single,detail_status_not_ok,Tu Es Un Être Parfait,https://bobsvinyl.nl/products/fleur-tu-es-un-etre-parfait-7-single,https://bobsvinyl.nl/products/fleur-tu-es-un-etre-parfait-7-single
Ga Ga,nieuwe-lps,https://bobsvinyl.nl/collections/nieuwe-lps?page=39 | https://bobsvinyl.nl/collections/nieuwe-lps?page=39 | https://bobsvinyl.nl/collections/nieuwe-lps?page=38,2026-03-12 21:51:17,2e hands-vermelding gevonden; geen EAN zichtbaar,2e_hands_bevestigd,,,1532,JA,"7,95",ga-ga-ga-ga-lp-f30,detail_status_not_ok,Ga Ga (LP) F30,https://bobsvinyl.nl/products/ga-ga-ga-ga-lp-f30,https://bobsvinyl.nl/products/ga-ga-ga-ga-lp-f30
Gary Kemp,nieuwe-lps,https://bobsvinyl.nl/collections/nieuwe-lps?page=39 | https://bobsvinyl.nl/collections/nieuwe-lps?page=39 | https://bobsvinyl.nl/collections/nieuwe-lps?page=38,2026-03-12 21:51:22,2e hands-vermelding gevonden; geen EAN zichtbaar,2e_hands_bevestigd,K80,,1545,JA,"14,95",gary-kemp-insolo-lp-k80,detail_status_not_ok,Insolo (LP),https://bobsvinyl.nl/products/gary-kemp-insolo-lp-k80,https://bobsvinyl.nl/products/gary-kemp-insolo-lp-k80
George Harrison,nieuwe-lps,https://bobsvinyl.nl/collections/nieuwe-lps?page=40 | https://bobsvinyl.nl/collections/nieuwe-lps?page=40 | https://bobsvinyl.nl/collections/nieuwe-lps?page=39,2026-03-12 21:51:39,"poging 3/3: valide productpagina, maar geen EAN gevonden",geen_ean_na_retries,LP,,1571,NEE,"28,95",george-harrison-gone-troppo-lp,detail_status_not_ok,Gone Troppo,https://bobsvinyl.nl/products/george-harrison-gone-troppo-lp,https://bobsvinyl.nl/products/george-harrison-gone-troppo-lp
George Jones,nieuwe-lps,https://bobsvinyl.nl/collections/nieuwe-lps?page=40 | https://bobsvinyl.nl/collections/nieuwe-lps?page=40 | https://bobsvinyl.nl/collections/nieuwe-lps?page=39,2026-03-12 21:51:30,,ok,LP,84721400110,1572,JA,"26,95",george-jones-when-my-heart-hurts-no-more-lp,secondhand,When My Heart Hurts No More,https://bobsvinyl.nl/products/george-jones-when-my-heart-hurts-no-more-lp,https://bobsvinyl.nl/products/george-jones-when-my-heart-hurts-no-more-lp
Graham Nash,nieuwe-lps,https://bobsvinyl.nl/collections/nieuwe-lps?page=42 | https://bobsvinyl.nl/collections/nieuwe-lps?page=42 | https://bobsvinyl.nl/collections/nieuwe-lps?page=41,2026-03-12 21:51:54,,ok,2LP,805772062115,1645,JA,"34,95",graham-nash-live-2lp,secondhand,Live,https://bobsvinyl.nl/products/graham-nash-live-2lp,https://bobsvinyl.nl/products/graham-nash-live-2lp
Guns N' Roses,nieuwe-lps,https://bobsvinyl.nl/collections/nieuwe-lps?page=43 | https://bobsvinyl.nl/collections/nieuwe-lps?page=43 | https://bobsvinyl.nl/collections/nieuwe-lps?page=42,2026-03-12 21:52:04,,ok,4LP,0602475188629,1676,JA,"109,95",guns-n-roses-live-era-87-93-4lp,secondhand,Live Era '87-'93,https://bobsvinyl.nl/products/guns-n-roses-live-era-87-93-4lp,https://bobsvinyl.nl/products/guns-n-roses-live-era-87-93-4lp
Israel Nash Gripka,nieuwe-lps,https://bobsvinyl.nl/collections/nieuwe-lps?page=47 | https://bobsvinyl.nl/collections/nieuwe-lps?page=47 | https://bobsvinyl.nl/collections/nieuwe-lps?page=46,2026-03-12 21:53:05,"poging 3/3: valide productpagina, maar geen EAN gevonden",geen_ean_na_retries,LP,,1833,NEE,"24,95",israel-nash-gripka-2011-barn-doors-spring-tour-live-in-holland-lp,detail_status_not_ok,"2011 Barn Doors Spring Tour, Live In Holland",https://bobsvinyl.nl/products/israel-nash-gripka-2011-barn-doors-spring-tour-live-in-holland-lp,https://bobsvinyl.nl/products/israel-nash-gripka-2011-barn-doors-spring-tour-live-in-holland-lp
J.P. Harris,nieuwe-lps,https://bobsvinyl.nl/collections/nieuwe-lps?page=48 | https://bobsvinyl.nl/collections/nieuwe-lps?page=48 | https://bobsvinyl.nl/collections/nieuwe-lps?page=47,2026-03-12 21:52:59,,ok,LP,877746010217,1844,JA,"26,95",j-p-harris-dont-you-marry-no-railroad-man-lp,secondhand,Don't You Marry No Railroad Man,https://bobsvinyl.nl/products/j-p-harris-dont-you-marry-no-railroad-man-lp,https://bobsvinyl.nl/products/j-p-harris-dont-you-marry-no-railroad-man-lp
Jaco Pastorius,nieuwe-lps,https://bobsvinyl.nl/collections/nieuwe-lps?page=48,2026-03-12 21:53:07,,ok,LP,8713748980467,1859,JA,"29,95",jaco-pastorius-jaco-pastorius-lp,secondhand,Jaco Pastorius,https://bobsvinyl.nl/products/jaco-pastorius-jaco-pastorius-lp,https://bobsvinyl.nl/products/jaco-pastorius-jaco-pastorius-lp
James Blunt,nieuwe-lps,https://bobsvinyl.nl/collections/nieuwe-lps?page=49 | https://bobsvinyl.nl/collections/nieuwe-lps?page=49 | https://bobsvinyl.nl/collections/nieuwe-lps?page=48,2026-03-12 21:53:15,,ok,LP,5054197707513,1882,JA,"29,95",james-blunt-who-we-used-to-be-lp,secondhand,Who We Used To Be,https://bobsvinyl.nl/products/james-blunt-who-we-used-to-be-lp,https://bobsvinyl.nl/products/james-blunt-who-we-used-to-be-lp
Jessie Ware,nieuwe-lps,https://bobsvinyl.nl/collections/nieuwe-lps?page=51 | https://bobsvinyl.nl/collections/nieuwe-lps?page=51 | https://bobsvinyl.nl/collections/nieuwe-lps?page=50,2026-03-12 21:53:35,,ok,LP,0199957299848,1940,JA,"34,95",jessie-ware-superbloom-lp,secondhand,Superbloom,https://bobsvinyl.nl/products/jessie-ware-superbloom-lp,https://bobsvinyl.nl/products/jessie-ware-superbloom-lp
Jimmy Diamond,nieuwe-lps,https://bobsvinyl.nl/collections/nieuwe-lps?page=51 | https://bobsvinyl.nl/collections/nieuwe-lps?page=51 | https://bobsvinyl.nl/collections/nieuwe-lps?page=50,2026-03-12 21:53:42,,ok,LP,8714374546690,1962,JA,"19,95",jimmy-diamond-you-radiate-lp,secondhand,You Radiate,https://bobsvinyl.nl/products/jimmy-diamond-you-radiate-lp,https://bobsvinyl.nl/products/jimmy-diamond-you-radiate-lp
John Coltrane,nieuwe-lps,https://bobsvinyl.nl/collections/nieuwe-lps?page=52 | https://bobsvinyl.nl/collections/nieuwe-lps?page=52 | https://bobsvinyl.nl/collections/nieuwe-lps?page=51,2026-03-12 21:54:06,"poging 3/3: valide productpagina, maar geen EAN gevonden",geen_ean_na_retries,LP,,2005,NEE,"34,95",john-coltrane-ole-coltrane-lp,detail_status_not_ok,Ole Coltrane,https://bobsvinyl.nl/products/john-coltrane-ole-coltrane-lp,https://bobsvinyl.nl/products/john-coltrane-ole-coltrane-lp
Joyce Manor,nieuwe-lps,https://bobsvinyl.nl/collections/nieuwe-lps?page=54,2026-03-12 21:54:22,,ok,LP,8714092805710,2072,JA,"29,95",joyce-manor-i-used-to-go-to-this-bar-lp,secondhand,I Used To Go To This Bar,https://bobsvinyl.nl/products/joyce-manor-i-used-to-go-to-this-bar-lp,https://bobsvinyl.nl/products/joyce-manor-i-used-to-go-to-this-bar-lp
Kathleen Willems,nieuwe-lps,https://bobsvinyl.nl/collections/nieuwe-lps?page=56 | https://bobsvinyl.nl/collections/nieuwe-lps?page=56 | https://bobsvinyl.nl/collections/nieuwe-lps?page=55,2026-03-12 21:54:52,"poging 3/3: valide productpagina, maar geen EAN gevonden",geen_ean_na_retries,LP,,2137,NEE,"9,95",kathleen-willems-through-the-heart-lp,detail_status_not_ok,Through The Heart,https://bobsvinyl.nl/products/kathleen-willems-through-the-heart-lp,https://bobsvinyl.nl/products/kathleen-willems-through-the-heart-lp
Kieff,nieuwe-lps,https://bobsvinyl.nl/collections/nieuwe-lps?page=58 | https://bobsvinyl.nl/collections/nieuwe-lps?page=58 | https://bobsvinyl.nl/collections/nieuwe-lps?page=57,2026-03-12 21:55:11,"poging 3/3: valide productpagina, maar geen EAN gevonden",geen_ean_na_retries,LP,,2195,NEE,"19,95",kieff-kieff-lp,detail_status_not_ok,Kieff,https://bobsvinyl.nl/products/kieff-kieff-lp,https://bobsvinyl.nl/products/kieff-kieff-lp
King Eric & His Knights,nieuwe-lps,https://bobsvinyl.nl/collections/nieuwe-lps?page=58 | https://bobsvinyl.nl/collections/nieuwe-lps?page=58 | https://bobsvinyl.nl/collections/nieuwe-lps?page=57,2026-03-12 21:55:05,2e hands-vermelding gevonden; geen EAN zichtbaar,2e_hands_bevestigd,,,2204,JA,"7,95",king-eric-his-knights-island-boy-lp-m30,detail_status_not_ok,Island Boy (LP) M30,https://bobsvinyl.nl/products/king-eric-his-knights-island-boy-lp-m30,https://bobsvinyl.nl/products/king-eric-his-knights-island-boy-lp-m30
Last Shadow Puppets,nieuwe-lps,https://bobsvinyl.nl/collections/nieuwe-lps?page=61 | https://bobsvinyl.nl/collections/nieuwe-lps?page=61 | https://bobsvinyl.nl/collections/nieuwe-lps?page=60,2026-03-12 21:55:33,,ok,LP,0887828037117,2283,JA,"32,95",last-shadow-puppets-everything-youve-come-to-expect-lp,secondhand,Everything You've Come To Expect,https://bobsvinyl.nl/products/last-shadow-puppets-everything-youve-come-to-expect-lp,https://bobsvinyl.nl/products/last-shadow-puppets-everything-youve-come-to-expect-lp
Lauryn Hill,nieuwe-lps,https://bobsvinyl.nl/collections/nieuwe-lps?page=61 | https://bobsvinyl.nl/collections/nieuwe-lps?page=61 | https://bobsvinyl.nl/collections/nieuwe-lps?page=60,2026-03-12 21:55:37,,ok,2LP,0888751942219,2298,JA,"32,95",lauryn-hill-the-miseducation-of-lauryn-hill-lp,secondhand,The Miseducation of Lauryn Hill,https://bobsvinyl.nl/products/lauryn-hill-the-miseducation-of-lauryn-hill-lp,https://bobsvinyl.nl/products/lauryn-hill-the-miseducation-of-lauryn-hill-lp
Louis XIV,nieuwe-lps,https://bobsvinyl.nl/collections/nieuwe-lps?page=64 | https://bobsvinyl.nl/collections/nieuwe-lps?page=64 | https://bobsvinyl.nl/collections/nieuwe-lps?page=63,2026-03-12 21:56:12,,ok,LP,8719262026117,2406,JA,"16,95",louis-xiv-slick-dogs-and-ponies-lp,secondhand,Slick Dogs and Ponies,https://bobsvinyl.nl/products/louis-xiv-slick-dogs-and-ponies-lp,https://bobsvinyl.nl/products/louis-xiv-slick-dogs-and-ponies-lp
Madi Diaz,nieuwe-lps,https://bobsvinyl.nl/collections/nieuwe-lps?page=66 | https://bobsvinyl.nl/collections/nieuwe-lps?page=66 | https://bobsvinyl.nl/collections/nieuwe-lps?page=65,2026-03-12 21:56:36,"poging 3/3: valide productpagina, maar geen EAN gevonden",geen_ean_na_retries,LP,,2453,NEE,"32,95",madi-diaz-weird-faithlp,detail_status_not_ok,Weird Faith,https://bobsvinyl.nl/products/madi-diaz-weird-faithlp,https://bobsvinyl.nl/products/madi-diaz-weird-faithlp
Manana Couch,nieuwe-lps,https://bobsvinyl.nl/collections/nieuwe-lps?page=66 | https://bobsvinyl.nl/collections/nieuwe-lps?page=66 | https://bobsvinyl.nl/collections/nieuwe-lps?page=65,2026-03-12 21:56:46,"poging 3/3: valide productpagina, maar geen EAN gevonden",geen_ean_na_retries,LP,,2484,NEE,"9,95",manana-couch-brooklyn-dirt-lp,detail_status_not_ok,Brooklyn Dirt,https://bobsvinyl.nl/products/manana-couch-brooklyn-dirt-lp,https://bobsvinyl.nl/products/manana-couch-brooklyn-dirt-lp
Margo Price,nieuwe-lps,https://bobsvinyl.nl/collections/nieuwe-lps?page=67 | https://bobsvinyl.nl/collections/nieuwe-lps?page=67 | https://bobsvinyl.nl/collections/nieuwe-lps?page=66,2026-03-12 21:56:46,,ok,LP,0888072711334,2509,JA,"34,95",margo-price-hard-headed-woman-lp,secondhand,Hard Headed Woman,https://bobsvinyl.nl/products/margo-price-hard-headed-woman-lp,https://bobsvinyl.nl/products/margo-price-hard-headed-woman-lp
Mark Lada,nieuwe-lps,https://bobsvinyl.nl/collections/nieuwe-lps?page=68 | https://bobsvinyl.nl/collections/nieuwe-lps?page=68 | https://bobsvinyl.nl/collections/nieuwe-lps?page=67,2026-03-12 21:57:01,"poging 3/3: valide productpagina, maar geen EAN gevonden",geen_ean_na_retries,LP,,2531,NEE,"9,95",mark-lada-mark-ladas-golden-arches-lp,detail_status_not_ok,Mark Lada's Golden Arches,https://bobsvinyl.nl/products/mark-lada-mark-ladas-golden-arches-lp,https://bobsvinyl.nl/products/mark-lada-mark-ladas-golden-arches-lp
Mathilde Fernandez,nieuwe-lps,https://bobsvinyl.nl/collections/nieuwe-lps?page=69 | https://bobsvinyl.nl/collections/nieuwe-lps?page=69 | https://bobsvinyl.nl/collections/nieuwe-lps?page=68,2026-03-12 21:57:09,"poging 3/3: valide productpagina, maar geen EAN gevonden",geen_ean_na_retries,LP,,2553,NEE,"39,95",mathilde-fernandez-final-vegas-lp,detail_status_not_ok,Final Vegas,https://bobsvinyl.nl/products/mathilde-fernandez-final-vegas-lp,https://bobsvinyl.nl/products/mathilde-fernandez-final-vegas-lp
Mickey Newbury,nieuwe-lps,https://bobsvinyl.nl/collections/nieuwe-lps?page=71 | https://bobsvinyl.nl/collections/nieuwe-lps?page=71 | https://bobsvinyl.nl/collections/nieuwe-lps?page=70,2026-03-12 21:57:32,,ok,LP,0767981186115,2647,JA,"26,95",mickey-newbury-frisco-mabel-joy-lp,secondhand,'Frisco Mabel Joy,https://bobsvinyl.nl/products/mickey-newbury-frisco-mabel-joy-lp,https://bobsvinyl.nl/products/mickey-newbury-frisco-mabel-joy-lp
Mighty Sparrow With Byron Lee And The Dragonaires,nieuwe-lps,https://bobsvinyl.nl/collections/nieuwe-lps?page=72 | https://bobsvinyl.nl/collections/nieuwe-lps?page=72 | https://bobsvinyl.nl/collections/nieuwe-lps?page=71,2026-03-12 21:57:33,2e hands-vermelding gevonden; geen EAN zichtbaar,2e_hands_bevestigd,,,2652,JA,"8,95",mighty-sparrow-with-byron-lee-and-the-dragonaires-sparrow-meets-the-dragon-lp-m70,detail_status_not_ok,Sparrow Meets The Dragon (LP) M70,https://bobsvinyl.nl/products/mighty-sparrow-with-byron-lee-and-the-dragonaires-sparrow-meets-the-dragon-lp-m70,https://bobsvinyl.nl/products/mighty-sparrow-with-byron-lee-and-the-dragonaires-sparrow-meets-the-dragon-lp-m70
Morgan Wade,nieuwe-lps,https://bobsvinyl.nl/collections/nieuwe-lps?page=73 | https://bobsvinyl.nl/collections/nieuwe-lps?page=73 | https://bobsvinyl.nl/collections/nieuwe-lps?page=72,2026-03-12 21:57:53,,ok,2LP,0196588948213,2714,JA,"39,95",morgan-wade-obsessed-2lp,secondhand,Obsessed,https://bobsvinyl.nl/products/morgan-wade-obsessed-2lp,https://bobsvinyl.nl/products/morgan-wade-obsessed-2lp
Nathaniel Rateliff & The Night Sweats,nieuwe-lps,https://bobsvinyl.nl/collections/nieuwe-lps?page=76 | https://bobsvinyl.nl/collections/nieuwe-lps?page=76 | https://bobsvinyl.nl/collections/nieuwe-lps?page=75,2026-03-12 21:58:19,,ok,LP,888072597082,2793,JA,"39,95",nathaniel-rateliff-the-night-sweats-south-of-here-lp,secondhand,South of Here,https://bobsvinyl.nl/products/nathaniel-rateliff-the-night-sweats-south-of-here-lp,https://bobsvinyl.nl/products/nathaniel-rateliff-the-night-sweats-south-of-here-lp
Noga Ritter,nieuwe-lps,https://bobsvinyl.nl/collections/nieuwe-lps?page=78 | https://bobsvinyl.nl/collections/nieuwe-lps?page=78 | https://bobsvinyl.nl/collections/nieuwe-lps?page=77,2026-03-12 21:58:54,"poging 3/3: valide productpagina, maar geen EAN gevonden",geen_ean_na_retries,LP,,2871,NEE,"32,95",noga-ritter-ima-lp,detail_status_not_ok,Ima,https://bobsvinyl.nl/products/noga-ritter-ima-lp,https://bobsvinyl.nl/products/noga-ritter-ima-lp
Omer Klein,nieuwe-lps,https://bobsvinyl.nl/collections/nieuwe-lps?page=80 | https://bobsvinyl.nl/collections/nieuwe-lps?page=80 | https://bobsvinyl.nl/collections/nieuwe-lps?page=78,2026-03-12 21:59:03,2e hands-vermelding gevonden; geen EAN zichtbaar,2e_hands_bevestigd,D40,,2927,JA,"24,95",omer-klein-sleepwalkers-2lp-d40,detail_status_not_ok,Sleepwalkers (2LP),https://bobsvinyl.nl/products/omer-klein-sleepwalkers-2lp-d40,https://bobsvinyl.nl/products/omer-klein-sleepwalkers-2lp-d40
Oscar Peterson,nieuwe-lps,https://bobsvinyl.nl/collections/nieuwe-lps?page=80 | https://bobsvinyl.nl/collections/nieuwe-lps?page=80 | https://bobsvinyl.nl/collections/nieuwe-lps?page=79,2026-03-12 21:59:08,,ok,LP,8436563186400,2944,JA,"19,95",oscar-peterson-night-train-lp,secondhand,Night Train,https://bobsvinyl.nl/products/oscar-peterson-night-train-lp,https://bobsvinyl.nl/products/oscar-peterson-night-train-lp
Paul Birchwood,nieuwe-lps,https://bobsvinyl.nl/collections/nieuwe-lps?page=83 | https://bobsvinyl.nl/collections/nieuwe-lps?page=83 | https://bobsvinyl.nl/collections/nieuwe-lps?page=82,2026-03-12 21:59:50,"poging 3/3: valide productpagina, maar geen EAN gevonden",geen_ean_na_retries,LP,,3044,NEE,"16,95",paul-birchwood-done-so-will-it-be-lp,detail_status_not_ok,Done! So Will It Be...,https://bobsvinyl.nl/products/paul-birchwood-done-so-will-it-be-lp,https://bobsvinyl.nl/products/paul-birchwood-done-so-will-it-be-lp
PIZZA KNIFE,nieuwe-lps,https://bobsvinyl.nl/collections/nieuwe-lps?page=85 | https://bobsvinyl.nl/collections/nieuwe-lps?page=85 | https://bobsvinyl.nl/collections/nieuwe-lps?page=84,2026-03-12 22:00:13,"poging 3/3: valide productpagina, maar geen EAN gevonden",geen_ean_na_retries,LP,,3112,NEE,"19,95",pizza-knife-magnet-people-lp,detail_status_not_ok,Magnet People,https://bobsvinyl.nl/products/pizza-knife-magnet-people-lp,https://bobsvinyl.nl/products/pizza-knife-magnet-people-lp
Primal Scream,nieuwe-lps,https://bobsvinyl.nl/collections/nieuwe-lps?page=86 | https://bobsvinyl.nl/collections/nieuwe-lps?page=86 | https://bobsvinyl.nl/collections/nieuwe-lps?page=85,2026-03-12 22:00:27,"poging 3/3: valide productpagina, maar geen EAN gevonden",geen_ean_na_retries,LP,,3155,NEE,"29,95",primal-scream-live-at-levitation-lp,detail_status_not_ok,Live At Levitation,https://bobsvinyl.nl/products/primal-scream-live-at-levitation-lp,https://bobsvinyl.nl/products/primal-scream-live-at-levitation-lp
Ro-D-Ys,nieuwe-lps,https://bobsvinyl.nl/collections/nieuwe-lps?page=90 | https://bobsvinyl.nl/collections/nieuwe-lps?page=90 | https://bobsvinyl.nl/collections/nieuwe-lps?page=89,2026-03-12 22:01:13,"poging 3/3: valide productpagina, maar geen EAN gevonden",geen_ean_na_retries,LP,,3297,NEE,"24,95",ro-d-ys-earnest-vocation-lp,detail_status_not_ok,Earnest Vocation,https://bobsvinyl.nl/products/ro-d-ys-earnest-vocation-lp,https://bobsvinyl.nl/products/ro-d-ys-earnest-vocation-lp
Ruben Hein,nieuwe-lps,https://bobsvinyl.nl/collections/nieuwe-lps?page=93 | https://bobsvinyl.nl/collections/nieuwe-lps?page=93 | https://bobsvinyl.nl/collections/nieuwe-lps?page=91,2026-03-12 22:01:41,"poging 3/3: valide productpagina, maar geen EAN gevonden",geen_ean_na_retries,LP,,3376,NEE,"28,95",ruben-hein-oceans-lp,detail_status_not_ok,Oceans,https://bobsvinyl.nl/products/ruben-hein-oceans-lp,https://bobsvinyl.nl/products/ruben-hein-oceans-lp
Ry Cooder,nieuwe-lps,https://bobsvinyl.nl/collections/nieuwe-lps?page=93 | https://bobsvinyl.nl/collections/nieuwe-lps?page=93 | https://bobsvinyl.nl/collections/nieuwe-lps?page=92,2026-03-12 22:01:36,2e hands-vermelding gevonden; geen EAN zichtbaar,2e_hands_bevestigd,C30,,3389,JA,"12,95",ry-cooder-the-long-riders-original-sound-track-lp-c30,detail_status_not_ok,The Long Riders (Original Sound Track) (LP),https://bobsvinyl.nl/products/ry-cooder-the-long-riders-original-sound-track-lp-c30,https://bobsvinyl.nl/products/ry-cooder-the-long-riders-original-sound-track-lp-c30
Sarah Vaughan,nieuwe-lps,https://bobsvinyl.nl/collections/nieuwe-lps?page=94 | https://bobsvinyl.nl/collections/nieuwe-lps?page=94 | https://bobsvinyl.nl/collections/nieuwe-lps?page=93,2026-03-12 22:01:53,2e hands-vermelding gevonden; geen EAN zichtbaar,2e_hands_bevestigd,A50,,3438,JA,"14,95",sarah-vaughan-greatest-hits-lp-a50,detail_status_not_ok,Greatest Hits (LP),https://bobsvinyl.nl/products/sarah-vaughan-greatest-hits-lp-a50,https://bobsvinyl.nl/products/sarah-vaughan-greatest-hits-lp-a50
Sem Jansen,nieuwe-lps,https://bobsvinyl.nl/collections/nieuwe-lps?page=95 | https://bobsvinyl.nl/collections/nieuwe-lps?page=95 | https://bobsvinyl.nl/collections/nieuwe-lps?page=94,2026-03-12 22:02:12,"poging 3/3: valide productpagina, maar geen EAN gevonden",geen_ean_na_retries,LP,,3467,NEE,"26,95",sem-jansen-uncle-sem-lp,detail_status_not_ok,Uncle Sem,https://bobsvinyl.nl/products/sem-jansen-uncle-sem-lp,https://bobsvinyl.nl/products/sem-jansen-uncle-sem-lp
Sheryl Crow,nieuwe-lps,https://bobsvinyl.nl/collections/nieuwe-lps?page=96 | https://bobsvinyl.nl/collections/nieuwe-lps?page=96 | https://bobsvinyl.nl/collections/nieuwe-lps?page=95,2026-03-12 22:02:14,,ok,LP,602458433111,3499,JA,"34,95",sheryl-crow-tuesday-night-music-club-lp,secondhand,Tuesday Night Music Club,https://bobsvinyl.nl/products/sheryl-crow-tuesday-night-music-club-lp,https://bobsvinyl.nl/products/sheryl-crow-tuesday-night-music-club-lp
Split Image – Before The Blitzkrieg,nieuwe-lps,https://bobsvinyl.nl/collections/nieuwe-lps?page=100 | https://bobsvinyl.nl/collections/nieuwe-lps?page=100 | https://bobsvinyl.nl/collections/nieuwe-lps?page=98,2026-03-12 22:03:04,"poging 3/3: valide productpagina, maar geen EAN gevonden",geen_ean_na_retries,LP,,3620,NEE,"16,95",split-image-before-the-blitzkrieg-the-archives-vol-three-lp,detail_status_not_ok,The Archives Vol Three,https://bobsvinyl.nl/products/split-image-before-the-blitzkrieg-the-archives-vol-three-lp,https://bobsvinyl.nl/products/split-image-before-the-blitzkrieg-the-archives-vol-three-lp
Stevie Ray Vaughan & Double Trouble,nieuwe-lps,https://bobsvinyl.nl/collections/nieuwe-lps?page=101,2026-03-12 22:03:13,,ok,2LP,0889853577514,3675,JA,"32,95",stevie-ray-vaughan-double-trouble-the-essential-stevie-ray-vaughan-and-double-trouble-2lp,secondhand,The Essential Stevie Ray Vaughan and Double Trouble,https://bobsvinyl.nl/products/stevie-ray-vaughan-double-trouble-the-essential-stevie-ray-vaughan-and-double-trouble-2lp,https://bobsvinyl.nl/products/stevie-ray-vaughan-double-trouble-the-essential-stevie-ray-vaughan-and-double-trouble-2lp
Swell Season,nieuwe-lps,https://bobsvinyl.nl/collections/nieuwe-lps?page=103 | https://bobsvinyl.nl/collections/nieuwe-lps?page=103 | https://bobsvinyl.nl/collections/nieuwe-lps?page=102,2026-03-12 22:03:34,,ok,LP,0198715101577,3741,JA,"32,95",swell-season-forward-lp,secondhand,Forward,https://bobsvinyl.nl/products/swell-season-forward-lp,https://bobsvinyl.nl/products/swell-season-forward-lp
SZA,nieuwe-lps,https://bobsvinyl.nl/collections/nieuwe-lps?page=103 | https://bobsvinyl.nl/collections/nieuwe-lps?page=103 | https://bobsvinyl.nl/collections/nieuwe-lps?page=102,2026-03-12 22:03:37,,ok,2LP,0196587792114,3748,JA,"32,95",sza-sos-2lp,secondhand,SOS,https://bobsvinyl.nl/products/sza-sos-2lp,https://bobsvinyl.nl/products/sza-sos-2lp
SZA,nieuwe-lps,https://bobsvinyl.nl/collections/nieuwe-lps?page=103 | https://bobsvinyl.nl/collections/nieuwe-lps?page=103 | https://bobsvinyl.nl/collections/nieuwe-lps?page=102,2026-03-12 22:03:38,,ok,4LP,0198028920117,3749,JA,"79,95",sza-sos-deluxe-lana-4lp,secondhand,SOS Deluxe: Lana,https://bobsvinyl.nl/products/sza-sos-deluxe-lana-4lp,https://bobsvinyl.nl/products/sza-sos-deluxe-lana-4lp
The Clear,nieuwe-lps,https://bobsvinyl.nl/collections/nieuwe-lps?page=107 | https://bobsvinyl.nl/collections/nieuwe-lps?page=107 | https://bobsvinyl.nl/collections/nieuwe-lps?page=105,2026-03-12 22:04:11,2e hands-vermelding gevonden; geen EAN zichtbaar,2e_hands_bevestigd,,,3859,JA,"19,95",the-clear-fill-it-in-your-self-lp-a10,detail_status_not_ok,Fill It In Your Self (LP) A10,https://bobsvinyl.nl/products/the-clear-fill-it-in-your-self-lp-a10,https://bobsvinyl.nl/products/the-clear-fill-it-in-your-self-lp-a10
The Jack Bennies,nieuwe-lps,https://bobsvinyl.nl/collections/nieuwe-lps?page=108 | https://bobsvinyl.nl/collections/nieuwe-lps?page=108 | https://bobsvinyl.nl/collections/nieuwe-lps?page=107,2026-03-12 22:04:37,"poging 3/3: valide productpagina, maar geen EAN gevonden",geen_ean_na_retries,LP,,3915,NEE,"9,95",the-jack-bennies-evil-gain-ep-lp,detail_status_not_ok,Evil Gain EP,https://bobsvinyl.nl/products/the-jack-bennies-evil-gain-ep-lp,https://bobsvinyl.nl/products/the-jack-bennies-evil-gain-ep-lp
The Tubes,nieuwe-lps,https://bobsvinyl.nl/collections/nieuwe-lps?page=111 | https://bobsvinyl.nl/collections/nieuwe-lps?page=111 | https://bobsvinyl.nl/collections/nieuwe-lps?page=109,2026-03-12 22:05:02,"poging 3/3: valide productpagina, maar geen EAN gevonden",geen_ean_na_retries,LP,,3991,NEE,"9,95",the-tubes-alive-in-america-lp,detail_status_not_ok,Alive in America,https://bobsvinyl.nl/products/the-tubes-alive-in-america-lp,https://bobsvinyl.nl/products/the-tubes-alive-in-america-lp
The Virginia Gentlemen,nieuwe-lps,https://bobsvinyl.nl/collections/nieuwe-lps?page=111 | https://bobsvinyl.nl/collections/nieuwe-lps?page=111 | https://bobsvinyl.nl/collections/nieuwe-lps?page=109,2026-03-12 22:05:05,"poging 3/3: valide productpagina, maar geen EAN gevonden",geen_ean_na_retries,LP,,3999,NEE,"9,95",the-virginia-gentlemen-trouble-lp,detail_status_not_ok,Trouble,https://bobsvinyl.nl/products/the-virginia-gentlemen-trouble-lp,https://bobsvinyl.nl/products/the-virginia-gentlemen-trouble-lp
Thorbjorn Risager & the Black Tornado,nieuwe-lps,https://bobsvinyl.nl/collections/nieuwe-lps?page=112 | https://bobsvinyl.nl/collections/nieuwe-lps?page=112 | https://bobsvinyl.nl/collections/nieuwe-lps?page=111,2026-03-12 22:05:11,,ok,2LP,8712725752851,4040,JA,"39,95",thorbjorn-risager-the-black-tornado-live-at-hotel-cecil-2lp,secondhand,Live At Hotel Cecil,https://bobsvinyl.nl/products/thorbjorn-risager-the-black-tornado-live-at-hotel-cecil-2lp,https://bobsvinyl.nl/products/thorbjorn-risager-the-black-tornado-live-at-hotel-cecil-2lp
Timo van Lierop,nieuwe-lps,https://bobsvinyl.nl/collections/nieuwe-lps?page=112 | https://bobsvinyl.nl/collections/nieuwe-lps?page=112 | https://bobsvinyl.nl/collections/nieuwe-lps?page=111,2026-03-12 22:05:14,,ok,LP,126250081,4050,NEE,"24,95",timo-van-lierop-earth-tones-lp,missing_or_invalid_ean,Earth Tones,https://bobsvinyl.nl/products/timo-van-lierop-earth-tones-lp,https://bobsvinyl.nl/products/timo-van-lierop-earth-tones-lp
Tip Jar,nieuwe-lps,https://bobsvinyl.nl/collections/nieuwe-lps?page=113 | https://bobsvinyl.nl/collections/nieuwe-lps?page=113 | https://bobsvinyl.nl/collections/nieuwe-lps?page=111,2026-03-12 22:05:28,"poging 3/3: valide productpagina, maar geen EAN gevonden",geen_ean_na_retries,"7"" Single",,4063,NEE,"4,95",tip-jar-tell-me-something-7-single,detail_status_not_ok,Tell Me Something,https://bobsvinyl.nl/products/tip-jar-tell-me-something-7-single,https://bobsvinyl.nl/products/tip-jar-tell-me-something-7-single
Trouble Funk,nieuwe-lps,https://bobsvinyl.nl/collections/nieuwe-lps?page=115 | https://bobsvinyl.nl/collections/nieuwe-lps?page=115 | https://bobsvinyl.nl/collections/nieuwe-lps?page=113,2026-03-12 22:05:40,2e hands-vermelding gevonden; geen EAN zichtbaar,2e_hands_bevestigd,D30,,4136,JA,"9,95",trouble-funk-say-what-12-t30,detail_status_not_ok,Say What! (LP),https://bobsvinyl.nl/products/trouble-funk-say-what-12-t30,https://bobsvinyl.nl/products/trouble-funk-say-what-12-t30
Ultravox,nieuwe-lps,https://bobsvinyl.nl/collections/nieuwe-lps?page=116 | https://bobsvinyl.nl/collections/nieuwe-lps?page=116 | https://bobsvinyl.nl/collections/nieuwe-lps?page=115,2026-03-12 22:06:01,"poging 3/3: valide productpagina, maar geen EAN gevonden",geen_ean_na_retries,4LP,,4176,NEE,"69,95",ultravox-rage-in-eden-deluxe-4lp,detail_status_not_ok,Rage In Eden -DELUXE-,https://bobsvinyl.nl/products/ultravox-rage-in-eden-deluxe-4lp,https://bobsvinyl.nl/products/ultravox-rage-in-eden-deluxe-4lp
Van Morrison,nieuwe-lps,https://bobsvinyl.nl/collections/nieuwe-lps?page=117,2026-03-12 22:06:10,"poging 3/3: valide productpagina, maar geen EAN gevonden",geen_ean_na_retries,LP,,4198,NEE,"21,95",van-morrison-his-band-and-the-street-choir-lp,detail_status_not_ok,His Band and the Street Choir,https://bobsvinyl.nl/products/van-morrison-his-band-and-the-street-choir-lp,https://bobsvinyl.nl/products/van-morrison-his-band-and-the-street-choir-lp
Various,nieuwe-lps,https://bobsvinyl.nl/collections/nieuwe-lps?page=117 | https://bobsvinyl.nl/collections/nieuwe-lps?page=117 | https://bobsvinyl.nl/collections/nieuwe-lps?page=116,2026-03-12 22:06:08,,ok,LP,0884388886216,4218,JA,"39,95",various-best-of-jethro-tull-redux-lp,secondhand,Best of Jethro Tull Redux,https://bobsvinyl.nl/products/various-best-of-jethro-tull-redux-lp,https://bobsvinyl.nl/products/various-best-of-jethro-tull-redux-lp
Various,nieuwe-lps,https://bobsvinyl.nl/collections/nieuwe-lps?page=117 | https://bobsvinyl.nl/collections/nieuwe-lps?page=117 | https://bobsvinyl.nl/collections/nieuwe-lps?page=116,2026-03-12 22:06:17,"poging 3/3: valide productpagina, maar geen EAN gevonden",geen_ean_na_retries,LP,,4219,NEE,"19,95",various-bottom-shelf-bonanza-lp,detail_status_not_ok,Bottom Shelf Bonanza,https://bobsvinyl.nl/products/various-bottom-shelf-bonanza-lp,https://bobsvinyl.nl/products/various-bottom-shelf-bonanza-lp
Various,nieuwe-lps,https://bobsvinyl.nl/collections/nieuwe-lps?page=118 | https://bobsvinyl.nl/collections/nieuwe-lps?page=118 | https://bobsvinyl.nl/collections/nieuwe-lps?page=116,2026-03-12 22:06:13,,ok,LP,075678599392,4231,JA,"32,95",various-f1-the-album-lp,secondhand,F1: The Album,https://bobsvinyl.nl/products/various-f1-the-album-lp,https://bobsvinyl.nl/products/various-f1-the-album-lp
Various,nieuwe-lps,https://bobsvinyl.nl/collections/nieuwe-lps?page=119 | https://bobsvinyl.nl/collections/nieuwe-lps?page=119 | https://bobsvinyl.nl/collections/nieuwe-lps?page=117,2026-03-12 22:06:25,"poging 3/3: valide productpagina, maar geen EAN gevonden",geen_ean_na_retries,LP,,4239,NEE,"19,95",various-its-no-good-60s-anti-war-draft-protest-rock-lp,detail_status_not_ok,It's No Good! 60's Anti War-Draft-Protest Rock!,https://bobsvinyl.nl/products/various-its-no-good-60s-anti-war-draft-protest-rock-lp,https://bobsvinyl.nl/products/various-its-no-good-60s-anti-war-draft-protest-rock-lp
Various,nieuwe-lps,https://bobsvinyl.nl/collections/nieuwe-lps?page=118 | https://bobsvinyl.nl/collections/nieuwe-lps?page=118 | https://bobsvinyl.nl/collections/nieuwe-lps?page=116,2026-03-12 22:06:20,,ok,LP,8719039006113,4250,JA,"28,95",various-pin-up-girls-not-easy-to-get-lp,secondhand,Pin-Up Girls - Not Easy To Get,https://bobsvinyl.nl/products/various-pin-up-girls-not-easy-to-get-lp,https://bobsvinyl.nl/products/various-pin-up-girls-not-easy-to-get-lp
Various,nieuwe-lps,https://bobsvinyl.nl/collections/nieuwe-lps?page=118 | https://bobsvinyl.nl/collections/nieuwe-lps?page=118 | https://bobsvinyl.nl/collections/nieuwe-lps?page=117,2026-03-12 22:06:35,"poging 3/3: valide productpagina, maar geen EAN gevonden",geen_ean_na_retries,LP,,4266,NEE,"24,95",various-wild-west-freak-out-lp,detail_status_not_ok,Wild west freak-out!,https://bobsvinyl.nl/products/various-wild-west-freak-out-lp,https://bobsvinyl.nl/products/various-wild-west-freak-out-lp
Various ‎– Keystone State Rock,nieuwe-lps,https://bobsvinyl.nl/collections/nieuwe-lps?page=119 | https://bobsvinyl.nl/collections/nieuwe-lps?page=119 | https://bobsvinyl.nl/collections/nieuwe-lps?page=117,2026-03-12 22:06:37,"poging 3/3: valide productpagina, maar geen EAN gevonden",geen_ean_na_retries,LP,,4272,NEE,"19,95",various-keystone-state-rock-vol-2-lp,detail_status_not_ok,Vol.2,https://bobsvinyl.nl/products/various-keystone-state-rock-vol-2-lp,https://bobsvinyl.nl/products/various-keystone-state-rock-vol-2-lp
Various – The V-Lips,nieuwe-lps,https://bobsvinyl.nl/collections/nieuwe-lps?page=119 | https://bobsvinyl.nl/collections/nieuwe-lps?page=119 | https://bobsvinyl.nl/collections/nieuwe-lps?page=117,2026-03-12 22:06:28,2e hands-vermelding gevonden; geen EAN zichtbaar,2e_hands_bevestigd,K30,,4274,JA,"16,95",various-the-v-lips-greatest-hits-lp-k30,detail_status_not_ok,Greatest Hits (LP),https://bobsvinyl.nl/products/various-the-v-lips-greatest-hits-lp-k30,https://bobsvinyl.nl/products/various-the-v-lips-greatest-hits-lp-k30
Warren Zevon,nieuwe-lps,https://bobsvinyl.nl/collections/nieuwe-lps?page=120 | https://bobsvinyl.nl/collections/nieuwe-lps?page=120 | https://bobsvinyl.nl/collections/nieuwe-lps?page=119,2026-03-12 22:06:45,,ok,2LP,607396559015,4319,JA,"37,95",warren-zevon-preludes-2lp,secondhand,Preludes,https://bobsvinyl.nl/products/warren-zevon-preludes-2lp,https://bobsvinyl.nl/products/warren-zevon-preludes-2lp
Will Hoge,nieuwe-lps,https://bobsvinyl.nl/collections/nieuwe-lps?page=122 | https://bobsvinyl.nl/collections/nieuwe-lps?page=122 | https://bobsvinyl.nl/collections/nieuwe-lps?page=120,2026-03-12 22:07:03,,ok,LP,689176893977,4374,JA,"34,95",will-hoge-wings-on-my-shoes-lp,secondhand,Wings On My Shoes,https://bobsvinyl.nl/products/will-hoge-wings-on-my-shoes-lp,https://bobsvinyl.nl/products/will-hoge-wings-on-my-shoes-lp
Yoko Ono With Plastic Ono Band,nieuwe-lps,https://bobsvinyl.nl/collections/nieuwe-lps?page=123 | https://bobsvinyl.nl/collections/nieuwe-lps?page=123 | https://bobsvinyl.nl/collections/nieuwe-lps?page=121,2026-03-12 22:07:25,"poging 3/3: valide productpagina, maar geen EAN gevonden",geen_ean_na_retries,2LP,,4418,NEE,"19,95",yoko-ono-with-plastic-ono-band-approximately-infinite-universe-2lp,detail_status_not_ok,Approximately Infinite Universe,https://bobsvinyl.nl/products/yoko-ono-with-plastic-ono-band-approximately-infinite-universe-2lp,https://bobsvinyl.nl/products/yoko-ono-with-plastic-ono-band-approximately-infinite-universe-2lp
Youn Sun Nah,nieuwe-lps,https://bobsvinyl.nl/collections/nieuwe-lps?page=123 | https://bobsvinyl.nl/collections/nieuwe-lps?page=123 | https://bobsvinyl.nl/collections/nieuwe-lps?page=122,2026-03-12 22:07:28,"poging 3/3: valide productpagina, maar geen EAN gevonden",geen_ean_na_retries,LP,,4423,NEE,"32,95",youn-sun-nah-waking-world-lp,detail_status_not_ok,Waking World,https://bobsvinyl.nl/products/youn-sun-nah-waking-world-lp,https://bobsvinyl.nl/products/youn-sun-nah-waking-world-lp
Zulu,nieuwe-lps,https://bobsvinyl.nl/collections/nieuwe-lps?page=124 | https://bobsvinyl.nl/collections/nieuwe-lps?page=124 | https://bobsvinyl.nl/collections/nieuwe-lps?page=123,2026-03-12 22:07:37,"poging 3/3: valide productpagina, maar geen EAN gevonden",geen_ean_na_retries,LP,,4456,NEE,"25,95",zulu-zulu-lp,detail_status_not_ok,Zulu,https://bobsvinyl.nl/products/zulu-zulu-lp,https://bobsvinyl.nl/products/zulu-zulu-lp
Beck,nieuwe-lps,https://bobsvinyl.nl/collections/nieuwe-lps?page=8,2026-03-12 21:45:26,,ok,LP,0199584061719,512,NEE,"32,95",beck-everybodys-gotta-learn-sometime-lp,conflicting_duplicate_ean,Everybody's Gotta Learn Sometime,https://bobsvinyl.nl/products/beck-everybodys-gotta-learn-sometime-lp,https://bobsvinyl.nl/products/beck-everybodys-gotta-learn-sometime-lp
Jeff Buckley,nieuwe-lps,https://bobsvinyl.nl/collections/nieuwe-lps?page=50 | https://bobsvinyl.nl/collections/nieuwe-lps?page=50 | https://bobsvinyl.nl/collections/nieuwe-lps?page=49,2026-03-12 21:53:27,,ok,4LP,0199584061719,1917,NEE,"74,95",jeff-buckley-live-at-sin-e-2lp,conflicting_duplicate_ean,Live At Sin-É,https://bobsvinyl.nl/products/jeff-buckley-live-at-sin-e-2lp,https://bobsvinyl.nl/products/jeff-buckley-live-at-sin-e-2lp
Hooverphonic,nieuwe-lps,https://bobsvinyl.nl/collections/nieuwe-lps?page=45,2026-03-12 21:52:30,,ok,LP,8719262019515,1757,NEE,"19,95",hooverphonic-in-wonderland-lp-1,duplicate_same_product_same_price,In Wonderland,https://bobsvinyl.nl/products/hooverphonic-in-wonderland-lp-1,https://bobsvinyl.nl/products/hooverphonic-in-wonderland-lp-1
Idlewild,nieuwe-lps,https://bobsvinyl.nl/collections/nieuwe-lps?page=46 | https://bobsvinyl.nl/collections/nieuwe-lps?page=46 | https://bobsvinyl.nl/collections/nieuwe-lps?page=45,2026-03-12 21:52:41,,ok,LP,8717931353335,1790,NEE,"32,95",idlewild-idlewild-lp,conflicting_duplicate_ean,Idlewild,https://bobsvinyl.nl/products/idlewild-idlewild-lp,https://bobsvinyl.nl/products/idlewild-idlewild-lp
Idlewild,nieuwe-lps,https://bobsvinyl.nl/collections/nieuwe-lps?page=46 | https://bobsvinyl.nl/collections/nieuwe-lps?page=46 | https://bobsvinyl.nl/collections/nieuwe-lps?page=45,2026-03-12 21:52:41,,ok,LP,8717931353335,1791,NEE,"32,95",idlewild-idlewild-blue-lp,conflicting_duplicate_ean,Idlewild -Blue-,https://bobsvinyl.nl/products/idlewild-idlewild-blue-lp,https://bobsvinyl.nl/products/idlewild-idlewild-blue-lp
Nancy Sinatra,nieuwe-lps,https://bobsvinyl.nl/collections/nieuwe-lps?page=75 | https://bobsvinyl.nl/collections/nieuwe-lps?page=75 | https://bobsvinyl.nl/collections/nieuwe-lps?page=74,2026-03-12 21:58:15,,ok,2LP,729920165919,2781,NEE,"59,95",nancy-sinatra-keep-walkin-singles-demos-rarities-1965-1978-2lp,conflicting_duplicate_ean,"Keep Walkin': Singles, Demos & Rarities 1965-1978",https://bobsvinyl.nl/products/nancy-sinatra-keep-walkin-singles-demos-rarities-1965-1978-2lp,https://bobsvinyl.nl/products/nancy-sinatra-keep-walkin-singles-demos-rarities-1965-1978-2lp
Sufjan Stevens,nieuwe-lps,https://bobsvinyl.nl/collections/nieuwe-lps?page=102 | https://bobsvinyl.nl/collections/nieuwe-lps?page=102 | https://bobsvinyl.nl/collections/nieuwe-lps?page=101,2026-03-12 22:03:24,,ok,LP,729920165919,3708,NEE,"34,95",sufjan-stevens-javelin-indie-only-lp,conflicting_duplicate_ean,Javelin -Indie Only-,https://bobsvinyl.nl/products/sufjan-stevens-javelin-indie-only-lp,https://bobsvinyl.nl/products/sufjan-stevens-javelin-indie-only-lp
Sevdaliza,nieuwe-lps,https://bobsvinyl.nl/collections/nieuwe-lps?page=95 | https://bobsvinyl.nl/collections/nieuwe-lps?page=95 | https://bobsvinyl.nl/collections/nieuwe-lps?page=94,2026-03-12 22:02:05,,ok,LP,0628425430334,3475,NEE,"34,95",sevdaliza-heroina-lp,conflicting_duplicate_ean,Heroina,https://bobsvinyl.nl/products/sevdaliza-heroina-lp,https://bobsvinyl.nl/products/sevdaliza-heroina-lp
The Smile,nieuwe-lps,https://bobsvinyl.nl/collections/nieuwe-lps?page=110 | https://bobsvinyl.nl/collections/nieuwe-lps?page=110 | https://bobsvinyl.nl/collections/nieuwe-lps?page=109,2026-03-12 22:04:47,,ok,2LP,0628425430334,3970,NEE,"34,95",the-smile-a-light-for-attracting-attention-2lp,conflicting_duplicate_ean,A Light For Attracting Attention,https://bobsvinyl.nl/products/the-smile-a-light-for-attracting-attention-2lp,https://bobsvinyl.nl/products/the-smile-a-light-for-attracting-attention-2lp
